Temperature;Pressure;Time
-1;-1;54
-1;1;45
1;-1;32
1;1;47
-1.41421;0;50
1.41421;0;53
0;-1.41421;47
0;1.41421;51
0;0;41
0;0;39
0;0;44
0;0;42
0;0;40
